original_name,city,county,country,latitude,longitude
日本国,,,Japan,,
愛知県,,Aichi,Japan,,
秋田県,,Akita,Japan,,
青森県,,Aomori,Japan,,
千葉県,,Chiba,Japan,,
愛媛県,,Ehime,Japan,,
福井県,,Fukui,Japan,,
福岡県,,Fukuoka,Japan,,
福島県,,Fukushima,Japan,,
岐阜県,,Gifu,Japan,,
群馬県,,Gunma,Japan,,
広島県,,Hiroshima,Japan,,
北海道,,Hokkaido,Japan,,
兵庫県,,Hyōgo,Japan,,
茨城県,,Ibaraki,Japan,,
石川県,,Ishikawa,Japan,,
岩手県,,Iwate,Japan,,
香川県,,Kagawa,Japan,,
鹿児島県,,Kagoshima,Japan,,
神奈川県,,Kanagawa,Japan,,
高知県,,Kōchi,Japan,,
熊本県,,Kumamoto,Japan,,
京都府,,Kyōto,Japan,,
三重県,,Mie,Japan,,
宮城県,,Miyagi,Japan,,
宮崎県,,Miyazaki,Japan,,
長野県,,Nagano,Japan,,
長崎県,,Nagasaki,Japan,,
奈良県,,Nara,Japan,,
新潟県,,Niigata,Japan,,
大分県,,Ōita,Japan,,
岡山県,,Okayama,Japan,,
沖縄県,,Okinawa,Japan,,
大阪府,,Ōsaka,Japan,,
佐賀県,,Saga,Japan,,
埼玉県,,Saitama,Japan,,
滋賀県,,Shiga,Japan,,
島根県,,Shimane,Japan,,
静岡県,,Shizuoka,Japan,,
栃木県,,Tochigi,Japan,,
徳島県,,Tokushima,Japan,,
東京都,,Tōkyō,Japan,,
鳥取県,,Tottori,Japan,,
富山県,,Toyama,Japan,,
和歌山県,,Wakayama,Japan,,
山形県,,Yamagata,Japan,,
山口県,,Yamaguchi,Japan,,
山梨県,,Yamanashi,Japan,,
,Agui,Aichi,Japan,34.9333,136.9167
,Aisai,Aichi,Japan,35.1528,136.7282
,Ama,Aichi,Japan,35.2004,136.7832
,Anjōmachi,Aichi,Japan,34.9587,137.0803
,Asuke,Aichi,Japan,35.134,137.1454
,Chiryū,Aichi,Japan,35.0014,137.0506
,Chita,Aichi,Japan,35,136.8667
,Fusō,Aichi,Japan,35.3591,136.9132
,Gamagōri,Aichi,Japan,34.8431,137.2196
,Handa,Aichi,Japan,34.8919,136.9381
,Hekinan,Aichi,Japan,34.8847,136.9934
,Higashiura,Aichi,Japan,34.9771,136.9656
,Ichinomiya,Aichi,Japan,35.3039,136.8031
,Inazawa,Aichi,Japan,35.2647,136.7969
,Ishiki,Aichi,Japan,34.8167,137.0333
,Iwakura,Aichi,Japan,35.2794,136.8714
,Kanie,Aichi,Japan,35.1322,136.7868
,Kariya,Aichi,Japan,34.9893,137.0021
,Kasugai,Aichi,Japan,35.2475,136.9722
,Kitanagoya,Aichi,Japan,35.2456,136.8659
,Kiyosu,Aichi,Japan,35.1998,136.8529
,Komaki,Aichi,Japan,35.291,136.9121
,Kōnan,Aichi,Japan,35.3321,136.8707
,Kōta,Aichi,Japan,34.8645,137.1657
,Kozakai-chō,Aichi,Japan,34.8,137.3667
,Mihama,Aichi,Japan,34.7789,136.9082
,Minamichita,Aichi,Japan,34.7151,136.9298
,Miyoshi,Aichi,Japan,35.0894,137.0748
,Nagakute,Aichi,Japan,35.184,137.0487
,Nagoya,Aichi,Japan,35.1833,136.9
,Nishio,Aichi,Japan,34.83,137.0697
,Nisshin,Aichi,Japan,35.132,137.0394
,Ōbu,Aichi,Japan,35.0117,136.9637
,Ōguchi,Aichi,Japan,35.3325,136.9078
,Ōharu,Aichi,Japan,35.1751,136.8201
,Okazaki,Aichi,Japan,34.9543,137.1744
,Owariasahi,Aichi,Japan,35.2165,137.0354
,Seto,Aichi,Japan,35.2236,137.0842
,Shinshiro,Aichi,Japan,34.9159,137.4986
,Tahara,Aichi,Japan,34.6688,137.2809
,Takahama,Aichi,Japan,34.9275,136.9878
,Taketoyo,Aichi,Japan,34.8511,136.9147
,Tōgō,Aichi,Japan,35.0966,137.0525
,Tōkai,Aichi,Japan,35.0231,136.9022
,Tokoname,Aichi,Japan,34.8865,136.8323
,Toyoake,Aichi,Japan,35.0509,137.0128
,Toyohashi,Aichi,Japan,34.7692,137.3915
,Toyokawa,Aichi,Japan,34.8268,137.3759
,Toyota,Aichi,Japan,35.0824,137.1563
,Toyoyama,Aichi,Japan,35.2505,136.9121
,Tsushima,Aichi,Japan,35.1771,136.7413
,Yatomi,Aichi,Japan,35.1167,136.7167
,Akita,Akita,Japan,39.72,140.1026
,Daisen,Akita,Japan,39.4531,140.4754
,Hanawa,Akita,Japan,40.2158,140.7884
,Kakunodatemachi,Akita,Japan,39.5993,140.5615
,Katagami,Akita,Japan,39.8832,139.9886
,Kitaakita,Akita,Japan,40.226,140.3708
,Misato,Akita,Japan,39.4211,140.5439
,Mitane,Akita,Japan,40.1017,140.005
,Nikaho,Akita,Japan,39.203,139.9077
,Noshiromachi,Akita,Japan,40.2121,140.0266
,Ōdate,Akita,Japan,40.2714,140.5642
,Oga,Akita,Japan,39.8868,139.8476
,Ōmagari,Akita,Japan,39.4531,140.4754
,Senboku,Akita,Japan,39.7017,140.7315
,Ugo,Akita,Japan,39.1981,140.4128
,Yokotemachi,Akita,Japan,39.3113,140.5533
,Yurihonjō,Akita,Japan,39.3859,140.0488
,Yuzawa,Akita,Japan,39.1641,140.4948
,Aomori,Aomori,Japan,40.8228,140.7469
,Fujisaki,Aomori,Japan,40.6561,140.5028
,Gonohe,Aomori,Japan,40.5312,141.308
,Goshogawara,Aomori,Japan,40.808,140.4401
,Hachinohe,Aomori,Japan,40.5123,141.4884
,Hashikami,Aomori,Japan,40.4525,141.6211
,Hirakawachō,Aomori,Japan,40.5841,140.5665
,Hiranai,Aomori,Japan,40.9259,140.9559
,Hirosaki,Aomori,Japan,40.6031,140.4638
,Itayanagi,Aomori,Japan,40.6959,140.4572
,Iwaka,Aomori,Japan,40.6159,140.4213
,Kamikita-kita,Aomori,Japan,40.736,140.956
,Kanagichō,Aomori,Japan,40.9026,140.462
,Kominato,Aomori,Japan,40.9259,140.9559
,Kuroishi,Aomori,Japan,40.6426,140.6113
,Misawa,Aomori,Japan,40.6831,141.3691
,Mutsu,Aomori,Japan,41.2928,141.1836
,Nakasato,Aomori,Japan,40.9649,140.44
,Namioka,Aomori,Japan,40.7,140.5833
,Nanbu,Aomori,Japan,40.4669,141.3817
,Nobeji,Aomori,Japan,40.8644,141.1287
,Ōhata,Aomori,Japan,41.4034,141.162
,Oirase,Aomori,Japan,40.5992,141.3977
,Ōwani,Aomori,Japan,40.5184,140.5678
,Rokkasho,Aomori,Japan,40.9672,141.3744
,Rokunohe,Aomori,Japan,40.6095,141.3248
,Shichinohe,Aomori,Japan,40.7447,141.1579
,Shimada,Aomori,Japan,40.599,141.3976
,Shimokizukuri,Aomori,Japan,40.8085,140.3805
,Tōhoku,Aomori,Japan,40.7281,141.2578
,Towada,Aomori,Japan,40.6127,141.2059
,Tsuruno,Aomori,Japan,40.8087,140.3801
,Tsuruta,Aomori,Japan,40.7588,140.4285
,Abiko,Chiba,Japan,35.8667,140.0333
,Asahi,Chiba,Japan,35.7167,140.65
,Chiba,Chiba,Japan,35.6073,140.1064
,Chikura,Chiba,Japan,34.95,139.95
,Chōsei,Chiba,Japan,35.4167,140.35
,Choshi,Chiba,Japan,35.7346,140.8268
,Futtsu,Chiba,Japan,35.3041,139.857
,Honchō,Chiba,Japan,35.6946,139.9826
,Ichihara,Chiba,Japan,35.4981,140.1154
,Ichikawa,Chiba,Japan,35.7219,139.9311
,Ichinomiya,Chiba,Japan,35.3667,140.3667
,Iioka,Chiba,Japan,35.7,140.7167
,Inzai,Chiba,Japan,35.8333,140.15
,Isumi,Chiba,Japan,35.2539,140.3852
,Kamagaya,Chiba,Japan,35.7768,140.0008
,Kandori,Chiba,Japan,35.6796,139.9062
,Kashiwa,Chiba,Japan,35.8676,139.9758
,Katori,Chiba,Japan,35.6833,140.0333
,Katsuura,Chiba,Japan,35.15,140.3167
,Kemigawa,Chiba,Japan,35.6514,140.0662
,Kimitsu,Chiba,Japan,35.3304,139.9027
,Kisarazu,Chiba,Japan,35.376,139.9168
,Kujūkuri,Chiba,Japan,35.5333,140.4333
,Maebara,Chiba,Japan,35.114,140.0989
,Matsudo,Chiba,Japan,35.7876,139.9032
,Matsuo,Chiba,Japan,35.633,140.467
,Minami-Bōsō,Chiba,Japan,35.0432,139.84
,Misato,Chiba,Japan,35.8301,139.8723
,Mobara,Chiba,Japan,35.4285,140.2881
,Nagareyama,Chiba,Japan,35.8563,139.9029
,Narashino,Chiba,Japan,35.6804,140.0265
,Narita,Chiba,Japan,35.7767,140.3183
,Narutō,Chiba,Japan,35.5864,140.4136
,Noda,Chiba,Japan,35.95,139.8667
,Ōamishirasato,Chiba,Japan,35.5167,140.3167
,Ōhara,Chiba,Japan,35.2508,140.3886
,Omigawa,Chiba,Japan,35.85,140.6167
,Ōtaki,Chiba,Japan,35.2852,140.2454
,Sakae,Chiba,Japan,35.8333,140.25
,Sakura,Chiba,Japan,35.7167,140.2167
,Sanmu,Chiba,Japan,35.6,140.4167
,Shirako,Chiba,Japan,35.45,140.3667
,Shiroi,Chiba,Japan,35.7915,140.0563
,Shisui,Chiba,Japan,35.7167,140.2667
,Sodegaura,Chiba,Japan,35.43,139.9544
,Sōsa,Chiba,Japan,35.7075,140.5642
,Tako,Chiba,Japan,35.7333,140.4667
,Tateyama,Chiba,Japan,34.9966,139.87
,Tōgane,Chiba,Japan,35.5599,140.3661
,Tomisato,Chiba,Japan,35.7,140.5667
,Tōnoshō,Chiba,Japan,35.8333,140.6667
,Urayasu,Chiba,Japan,35.6539,139.9022
,Yachimata,Chiba,Japan,35.6667,140.3167
,Yachiyo,Chiba,Japan,35.7224,140.0999
,Yōkaichiba,Chiba,Japan,35.7,140.5604
,Yokoshiba,Chiba,Japan,35.65,140.4833
,Yokoshibahikari,Chiba,Japan,35.6667,140.5
,Yotsukaidō,Chiba,Japan,35.6698,140.1679
,Ainan,Ehime,Japan,32.9667,132.5833
,Imabari,Ehime,Japan,34.0667,133
,Iyo,Ehime,Japan,33.75,132.7
,Masaki,Ehime,Japan,33.7833,132.7167
,Matsuyama,Ehime,Japan,33.8333,132.7667
,Niihama,Ehime,Japan,33.9667,133.2833
,Ōzu,Ehime,Japan,33.5,132.55
,Saijō,Ehime,Japan,33.9167,133.1833
,Seiyo,Ehime,Japan,33.3628,132.5108
,Shikokuchūō,Ehime,Japan,33.9833,133.55
,Tobe,Ehime,Japan,33.75,132.8
,Tōon,Ehime,Japan,33.7833,132.8667
,Uchiko,Ehime,Japan,33.5333,132.65
,Uwajima,Ehime,Japan,33.2167,132.5667
,Yawatahama-shi,Ehime,Japan,33.4667,132.4167
,Awara,Fukui,Japan,36.2113,136.229
,Echizen,Fukui,Japan,35.9035,136.1687
,Echizen,Fukui,Japan,35.9742,136.1298
,Eiheiji,Fukui,Japan,36.0922,136.2987
,Fukui,Fukui,Japan,36.0641,136.2196
,Honmachi,Fukui,Japan,36.0609,136.5006
,Obama,Fukui,Japan,35.4957,135.7466
,Ono,Fukui,Japan,35.9797,136.4875
,Ōno,Fukui,Japan,35.9797,136.4875
,Sabae,Fukui,Japan,35.9565,136.1843
,Sakai,Fukui,Japan,36.1669,136.2314
,Takahama,Fukui,Japan,35.4903,135.551
,Torihama,Fukui,Japan,35.6006,135.9406
,Tsuruga,Fukui,Japan,35.6452,136.0555
,Wakasa,Fukui,Japan,35.5489,135.9082
,Asakura,Fukuoka,Japan,33.4167,130.6667
,Ashiya,Fukuoka,Japan,33.9,130.6667
,Buzen,Fukuoka,Japan,33.6114,131.1303
,Chikugo,Fukuoka,Japan,33.2122,130.5019
,Chikushino,Fukuoka,Japan,33.5,130.5167
,Chikuzen,Fukuoka,Japan,33.45,130.6
,Dazaifu,Fukuoka,Japan,33.5167,130.5167
,Fukuoka,Fukuoka,Japan,33.59,130.4017
,Fukutsu,Fukuoka,Japan,33.7667,130.4833
,Fukuyoshi,Fukuoka,Japan,33.6833,130.78
,Hirayama,Fukuoka,Japan,33.65,130.5
,Hirokawa,Fukuoka,Japan,33.2417,130.5514
,Iizuka,Fukuoka,Japan,33.65,130.6833
,Itoshima,Fukuoka,Japan,33.5539,130.1978
,Kamata,Fukuoka,Japan,33.5632,130.7118
,Kanada,Fukuoka,Japan,33.7758,130.9806
,Kasuga,Fukuoka,Japan,33.5333,130.4667
,Kasuya,Fukuoka,Japan,33.6167,130.4833
,Kawara,Fukuoka,Japan,33.6681,130.8472
,Kawasaki,Fukuoka,Japan,33.6,130.815
,Keisen,Fukuoka,Japan,33.5833,130.6833
,Kitakyūshū,Fukuoka,Japan,33.8833,130.8833
,Kiyama,Fukuoka,Japan,33.4333,130.5167
,Koga,Fukuoka,Japan,33.7333,130.4667
,Kurate,Fukuoka,Japan,33.8,130.6667
,Kurume,Fukuoka,Japan,33.3192,130.5083
,Miyanaga,Fukuoka,Japan,33.7167,130.6667
,Miyatoko,Fukuoka,Japan,33.6992,130.9203
,Mizumaki,Fukuoka,Japan,33.8556,130.6917
,Munakata,Fukuoka,Japan,33.8,130.5333
,Nakagawa,Fukuoka,Japan,33.5,130.4167
,Nakama,Fukuoka,Japan,33.8208,130.7083
,Nakatsu,Fukuoka,Japan,33.5983,131.1883
,Nōgata,Fukuoka,Japan,33.7417,130.7322
,Ogōri,Fukuoka,Japan,33.3964,130.5556
,Okagaki,Fukuoka,Japan,33.85,130.6167
,Ōki,Fukuoka,Japan,33.2106,130.4397
,Ōmuta,Fukuoka,Japan,33.0303,130.4458
,Onga,Fukuoka,Japan,33.85,130.6667
,Ōnojō,Fukuoka,Japan,33.5333,130.4833
,Ōsawa,Fukuoka,Japan,33.2067,130.3839
,Sasaguri,Fukuoka,Japan,33.6167,130.5333
,Shimeo,Fukuoka,Japan,33.5833,130.4833
,Shingū,Fukuoka,Japan,33.7167,130.45
,Shinozaki,Fukuoka,Japan,33.9578,130.9414
,Soeda,Fukuoka,Japan,33.5719,130.8539
,Sue,Fukuoka,Japan,33.5833,130.5
,Tachiarai,Fukuoka,Japan,33.3722,130.6225
,Tamagawa,Fukuoka,Japan,33.6389,130.8061
,Tsuiki,Fukuoka,Japan,33.6561,131.0561
,Ukiha,Fukuoka,Japan,33.35,130.75
,Umi,Fukuoka,Japan,33.5667,130.5167
,Yame,Fukuoka,Japan,33.2119,130.5578
,Yanagawa,Fukuoka,Japan,33.1631,130.4058
,Yukuhashi,Fukuoka,Japan,33.7289,130.9831
,Aizubange,Fukushima,Japan,37.5615,139.8216
,Aizumisato,Fukushima,Japan,37.4599,139.8411
,Aizuwakamatsu,Fukushima,Japan,37.4948,139.9298
,Date,Fukushima,Japan,37.8191,140.563
,Fukushima,Fukushima,Japan,37.7608,140.4747
,Inawashiro,Fukushima,Japan,37.5744,140.1215
,Ishikawa,Fukushima,Japan,37.1571,140.4468
,Iwaki,Fukushima,Japan,37.0505,140.8877
,Kasaishi,Fukushima,Japan,37.2528,140.3434
,Kawamata,Fukushima,Japan,37.665,140.5983
,Kitakata,Fukushima,Japan,37.6511,139.8748
,Koori,Fukushima,Japan,37.8494,140.5164
,Koriyama,Fukushima,Japan,37.4004,140.3597
,Miharu,Fukushima,Japan,37.441,140.4926
,Minami-Sōma,Fukushima,Japan,37.6422,140.9573
,Minamiaizu,Fukushima,Japan,37.2004,139.7732
,Motomiya,Fukushima,Japan,37.5132,140.3938
,Nihonmatsu,Fukushima,Japan,37.5849,140.4312
,Nishigō,Fukushima,Japan,37.1417,140.1554
,Sasagawa,Fukushima,Japan,37.2865,140.3727
,Shirakawa,Fukushima,Japan,37.1263,140.2109
,Sōma,Fukushima,Japan,37.7967,140.9196
,Tamura,Fukushima,Japan,37.4333,140.5667
,Tanagura,Fukushima,Japan,37.0299,140.3796
,Yabuki,Fukushima,Japan,37.2013,140.3386
,Yanagawamachi-saiwaichō,Fukushima,Japan,37.85,140.6
,Anpachi,Gifu,Japan,35.3353,136.6654
,Ena,Gifu,Japan,35.4492,137.4128
,Furukawa,Gifu,Japan,36.2381,137.1862
,Gifu,Gifu,Japan,35.4232,136.7608
,Ginan,Gifu,Japan,35.3896,136.7825
,Gōdo,Gifu,Japan,35.4174,136.6252
,Gujō,Gifu,Japan,35.7486,136.9643
,Hashima,Gifu,Japan,35.3199,136.7033
,Ibigawa,Gifu,Japan,35.4873,136.5686
,Ikeda,Gifu,Japan,35.4423,136.573
,Inuyama,Gifu,Japan,35.3786,136.9445
,Kaizu,Gifu,Japan,35.2206,136.6365
,Kakamigahara,Gifu,Japan,35.3988,136.8484
,Kami-kawabe,Gifu,Japan,35.4866,137.0707
,Kani,Gifu,Japan,35.4261,137.0613
,Kasamatsuchō,Gifu,Japan,35.3672,136.7632
,Kitagata,Gifu,Japan,35.4333,136.6833
,Mino,Gifu,Japan,35.5448,136.9076
,Minokamo,Gifu,Japan,35.4402,137.0157
,Mitake,Gifu,Japan,35.4344,137.1307
,Mizuho,Gifu,Japan,35.3918,136.6909
,Mizunami,Gifu,Japan,35.3618,137.2545
,Motosu,Gifu,Japan,35.483,136.6786
,Nakatsugawa,Gifu,Japan,35.4876,137.5006
,Ōgaki,Gifu,Japan,35.3594,136.6129
,Ōno,Gifu,Japan,35.4706,136.6276
,Sekimachi,Gifu,Japan,35.4958,136.918
,Tajimi,Gifu,Japan,35.3328,137.1316
,Takayama,Gifu,Japan,36.146,137.2522
,Tarui,Gifu,Japan,35.3702,136.5437
,Toki,Gifu,Japan,35.4192,137.1832
,Yamagata,Gifu,Japan,35.5061,136.7811
,Yaotsu,Gifu,Japan,35.476,137.1416
,Yōrō,Gifu,Japan,35.3084,136.5614
,Yunoshima,Gifu,Japan,35.8059,137.2441
,Annaka,Gunma,Japan,36.3263,138.8871
,Chiyoda,Gunma,Japan,36.2178,139.4424
,Fujioka,Gunma,Japan,36.2587,139.0746
,Higashiagatsuma,Gunma,Japan,36.5714,138.8256
,Isesaki,Gunma,Japan,36.3114,139.1968
,Itakura,Gunma,Japan,36.2229,139.6103
,Kanra,Gunma,Japan,36.243,138.9218
,Karuizawa,Gunma,Japan,36.3486,138.5969
,Kiryū,Gunma,Japan,36.4052,139.4973
,Maebashi,Gunma,Japan,36.3895,139.0634
,Meiwa,Gunma,Japan,36.2113,139.5342
,Midori,Gunma,Japan,36.3948,139.2811
,Minakami,Gunma,Japan,36.6786,138.9991
,Miyato,Gunma,Japan,36.1772,139.1814
,Nakanojōmachi,Gunma,Japan,36.5898,138.841
,Numata,Gunma,Japan,36.646,139.0442
,Ōizumi,Gunma,Japan,36.2478,139.4049
,Ōra,Gunma,Japan,36.2524,139.4623
,Ōta,Gunma,Japan,36.2911,139.3754
,Shibukawa,Gunma,Japan,36.3894,139.0633
,Shintō,Gunma,Japan,36.4384,138.9671
,Takasaki,Gunma,Japan,36.3219,139.0033
,Tamamura,Gunma,Japan,36.3044,139.1149
,Tatebayashi,Gunma,Japan,36.2448,139.5421
,Tomioka,Gunma,Japan,36.2599,138.8899
,Yoshioka,Gunma,Japan,36.4474,139.0097
,Akitakata,Hiroshima,Japan,34.6631,132.7064
,Etajima,Hiroshima,Japan,34.2167,132.45
,Fuchū,Hiroshima,Japan,34.3925,132.5044
,Fuchūchō,Hiroshima,Japan,34.565,133.2419
,Fukuyama,Hiroshima,Japan,34.4858,133.3622
,Hatsukaichi,Hiroshima,Japan,34.3483,132.3317
,Higashi-Hiroshima,Hiroshima,Japan,34.4264,132.7433
,Hiroshima,Hiroshima,Japan,34.3914,132.4519
,Kaita,Hiroshima,Japan,34.3722,132.5361
,Kitahiroshima,Hiroshima,Japan,34.6744,132.5383
,Kumano,Hiroshima,Japan,34.3358,132.5847
,Kure,Hiroshima,Japan,34.2492,132.5658
,Mihara,Hiroshima,Japan,34.3975,133.0786
,Miyoshi,Hiroshima,Japan,34.8,132.85
,Onomichi,Hiroshima,Japan,34.4167,133.2
,Ōtake,Hiroshima,Japan,34.2378,132.2222
,Saka,Hiroshima,Japan,34.3411,132.5136
,Sera,Hiroshima,Japan,34.5869,133.0567
,Shōbara,Hiroshima,Japan,34.8544,133.0192
,Takehara,Hiroshima,Japan,34.3417,132.9069
,Abashiri,Hokkaidō,Japan,44.0167,144.2667
,Akabira,Hokkaidō,Japan,43.55,142.05
,Asahikawa,Hokkaidō,Japan,43.7667,142.3667
,Ashibetsu,Hokkaidō,Japan,43.5167,142.1833
,Betsukai,Hokkaidō,Japan,43.4,145.1167
,Bibai,Hokkaidō,Japan,43.3333,141.85
,Biei,Hokkaidō,Japan,43.5833,142.4667
,Chitose,Hokkaidō,Japan,42.8167,141.65
,Date,Hokkaidō,Japan,42.4667,140.8667
,Ebetsu,Hokkaidō,Japan,43.1,141.5333
,Eniwa,Hokkaidō,Japan,42.8833,141.5833
,Fukagawa,Hokkaidō,Japan,43.7178,142.0403
,Furano,Hokkaidō,Japan,43.35,142.3833
,Hakodate,Hokkaidō,Japan,41.7686,140.7289
,Hidaka,Hokkaidō,Japan,42.4833,142.0667
,Higashikagura,Hokkaidō,Japan,43.7,142.45
,Hokuto,Hokkaidō,Japan,41.8242,140.6528
,Honchō,Hokkaidō,Japan,41.9,140.7
,Honmachi,Hokkaidō,Japan,43.9167,144.6667
,Ishikari,Hokkaidō,Japan,43.1667,141.3167
,Iwamizawa,Hokkaidō,Japan,43.2,141.7833
,Iwanai,Hokkaidō,Japan,42.9789,140.5092
,Kamifurano,Hokkaidō,Japan,43.45,142.4667
,Kitahiroshima,Hokkaidō,Japan,42.9833,141.5667
,Kōenchō,Hokkaidō,Japan,43.8031,143.8947
,Kuriyama,Hokkaidō,Japan,43.05,141.7833
,Kushiro,Hokkaidō,Japan,42.9833,144.3833
,Kushiro,Hokkaidō,Japan,42.98,144.38
,Kutchan,Hokkaidō,Japan,42.9,140.7667
,Makubetsu,Hokkaidō,Japan,42.9167,143.35
,Memuro-minami,Hokkaidō,Japan,42.9167,143.05
,Minamishibetsuchō,Hokkaidō,Japan,43.55,141.9167
,Mobetsu,Hokkaidō,Japan,44.35,143.35
,Mori,Hokkaidō,Japan,42.1,140.5833
,Motomachi,Hokkaidō,Japan,43.825,144.1056
,Mukaiengaru,Hokkaidō,Japan,44.0667,143.5333
,Muroran,Hokkaidō,Japan,42.3167,140.9667
,Naganuma,Hokkaidō,Japan,43.0167,141.7
,Nakashunbetsu,Hokkaidō,Japan,43.55,144.9667
,Nayoro,Hokkaidō,Japan,44.3558,142.4633
,Nemuro,Hokkaidō,Japan,43.33,145.5828
,Noboribetsu,Hokkaidō,Japan,42.4167,141.1
,Obihiro,Hokkaidō,Japan,42.9167,143.2
,Otaru,Hokkaidō,Japan,43.1833,141
,Otofuke,Hokkaidō,Japan,43,143.2
,Rumoi,Hokkaidō,Japan,43.9333,141.6333
,Sapporo,Hokkaidō,Japan,43.0619,141.3544
,Setana,Hokkaidō,Japan,42.45,139.85
,Shimizu,Hokkaidō,Japan,43.0167,142.8833
,Shinhidaka,Hokkaidō,Japan,42.25,142.5667
,Shiraoi,Hokkaidō,Japan,42.55,141.35
,Sunagawa,Hokkaidō,Japan,43.5,141.9
,Takikawa,Hokkaidō,Japan,43.55,141.9167
,Tōbetsu,Hokkaidō,Japan,43.2167,141.5167
,Tomakomai,Hokkaidō,Japan,42.6333,141.6
,Urakawa,Hokkaidō,Japan,42.1667,142.7667
,Wakabadai,Hokkaidō,Japan,45.4157,141.6731
,Yakumo,Hokkaidō,Japan,42.25,140.2667
,Yoichi,Hokkaidō,Japan,43.2,140.7833
,Aioi,Hyōgo,Japan,34.8,134.4667
,Amagasaki,Hyōgo,Japan,34.7333,135.4
,Asago,Hyōgo,Japan,35.3333,134.85
,Ashiya,Hyōgo,Japan,34.7278,135.3033
,Awaji,Hyōgo,Japan,34.4333,134.9167
,Daiwanishi,Hyōgo,Japan,34.8892,135.4167
,Fukusaki,Hyōgo,Japan,34.95,134.7667
,Goshikichō-aihara-minamidani,Hyōgo,Japan,34.3,134.7833
,Harima,Hyōgo,Japan,34.7167,134.8667
,Himeji,Hyōgo,Japan,34.8167,134.6833
,Ichikawa,Hyōgo,Japan,34.9833,134.7667
,Ikeda,Hyōgo,Japan,34.8217,135.4286
,Inagawa,Hyōgo,Japan,34.9,135.3833
,Inami,Hyōgo,Japan,34.75,134.9167
,Itami,Hyōgo,Japan,34.7833,135.4
,Kakogawachō-honmachi,Hyōgo,Japan,34.75,134.8333
,Kamigōri,Hyōgo,Japan,34.8667,134.35
,Kamikawa,Hyōgo,Japan,35.0667,134.7333
,Kariya,Hyōgo,Japan,34.7517,134.3931
,Kasai,Hyōgo,Japan,34.9333,134.8333
,Kasumi,Hyōgo,Japan,35.6333,134.6333
,Katō,Hyōgo,Japan,34.9167,134.9667
,Kōbe,Hyōgo,Japan,34.69,135.1956
,Miki,Hyōgo,Japan,34.7936,134.9931
,Nishinomiya-hama,Hyōgo,Japan,34.7376,135.3416
,Nishiwaki,Hyōgo,Japan,34.9903,134.9722
,Ōakashichō,Hyōgo,Japan,34.65,135
,Ono,Hyōgo,Japan,34.8497,134.9342
,Sandachō,Hyōgo,Japan,34.8833,135.2333
,Sayō,Hyōgo,Japan,35,134.35
,Shinonsen,Hyōgo,Japan,35.6167,134.45
,Shingūchō-shingū,Hyōgo,Japan,34.9186,134.5493
,Shisō,Hyōgo,Japan,35,134.55
,Sumoto,Hyōgo,Japan,34.35,134.9
,Taishi,Hyōgo,Japan,34.8333,134.5667
,Taka,Hyōgo,Japan,35.05,134.9236
,Takarazuka,Hyōgo,Japan,34.8114,135.3406
,Takasagochō-takasemachi,Hyōgo,Japan,34.7667,134.7833
,Tamba,Hyōgo,Japan,35.1833,135.0333
,Tamba-Sasayama,Hyōgo,Japan,35.0725,135.2219
,Tatsunochō-tominaga,Hyōgo,Japan,34.8508,134.5453
,Toyooka,Hyōgo,Japan,35.55,134.8167
,Yabu,Hyōgo,Japan,35.4,134.7667
,Ami,Ibaraki,Japan,36.0308,140.2148
,Bandō,Ibaraki,Japan,36.0484,139.8887
,Chikusei,Ibaraki,Japan,36.3071,139.9831
,Daigo,Ibaraki,Japan,36.7681,140.3552
,Hitachi,Ibaraki,Japan,36.5991,140.6515
,Hitachi-Naka,Ibaraki,Japan,36.3967,140.5347
,Hitachi-ota,Ibaraki,Japan,36.5383,140.5309
,Hitachiomiya,Ibaraki,Japan,36.5425,140.4109
,Hokota,Ibaraki,Japan,36.1587,140.5164
,Ibaraki,Ibaraki,Japan,36.2869,140.4245
,Inashiki,Ibaraki,Japan,35.9565,140.3239
,Ishioka,Ibaraki,Japan,36.1908,140.2872
,Itako,Ibaraki,Japan,35.9471,140.5554
,Jōsō,Ibaraki,Japan,36.0236,139.9938
,Kamisu,Ibaraki,Japan,35.8899,140.6645
,Kasama,Ibaraki,Japan,36.3452,140.3043
,Kashima,Ibaraki,Japan,35.9656,140.6448
,Kasumigaura,Ibaraki,Japan,36.1517,140.2371
,Kitaibaraki,Ibaraki,Japan,36.8019,140.751
,Koga,Ibaraki,Japan,36.1782,139.7554
,Miho,Ibaraki,Japan,36.0045,140.3019
,Mito,Ibaraki,Japan,36.3658,140.4712
,Moriya,Ibaraki,Japan,35.9514,139.9754
,Naka,Ibaraki,Japan,36.4574,140.4868
,Namegata,Ibaraki,Japan,35.9905,140.489
,Ōarai,Ibaraki,Japan,36.3133,140.5749
,Omitama,Ibaraki,Japan,36.2393,140.3526
,Ryūgasaki,Ibaraki,Japan,35.9116,140.1823
,Sakai,Ibaraki,Japan,36.1085,139.7949
,Sakuragawa,Ibaraki,Japan,36.3273,140.0906
,Sekiyado,Ibaraki,Japan,36.0967,139.7803
,Shimotsuma,Ibaraki,Japan,36.1844,139.9675
,Shirosato,Ibaraki,Japan,36.4792,140.3762
,Takahagi,Ibaraki,Japan,36.7192,140.7167
,Tōkai,Ibaraki,Japan,36.473,140.5661
,Tomobe,Ibaraki,Japan,36.345,140.3042
,Tone,Ibaraki,Japan,35.8578,140.1392
,Toride,Ibaraki,Japan,35.9115,140.0504
,Tsuchiura,Ibaraki,Japan,36.0667,140.2
,Tsukuba-kenkyūgakuen-toshi,Ibaraki,Japan,36.0835,140.0764
,Tsukubamirai,Ibaraki,Japan,35.9631,140.037
,Ushiku,Ibaraki,Japan,35.9794,140.1496
,Yachiyo,Ibaraki,Japan,36.1816,139.8911
,Yūki,Ibaraki,Japan,36.3055,139.8766
,Hakui,Ishikawa,Japan,36.8936,136.779
,Hōdatsushimizu,Ishikawa,Japan,36.8627,136.7976
,Kaga,Ishikawa,Japan,36.3028,136.315
,Kahoku,Ishikawa,Japan,36.7198,136.7067
,Kanazawa,Ishikawa,Japan,36.5611,136.6564
,Komatsu,Ishikawa,Japan,36.4083,136.4455
,Nakanoto,Ishikawa,Japan,36.9894,136.9015
,Nanao,Ishikawa,Japan,37.0431,136.9674
,Nomimachi,Ishikawa,Japan,36.447,136.5541
,Nonoichi,Ishikawa,Japan,36.5194,136.6098
,Noto,Ishikawa,Japan,37.3066,137.15
,Shika,Ishikawa,Japan,37.0062,136.778
,Shirayamamachi,Ishikawa,Japan,36.5166,136.5656
,Suzu,Ishikawa,Japan,37.4363,137.2605
,Tsubata,Ishikawa,Japan,36.6692,136.7288
,Uchinada,Ishikawa,Japan,36.6535,136.6454
,Wajimazakimachi,Ishikawa,Japan,37.3906,136.8992
,Fujisawachō-niinuma,Iwate,Japan,38.867,141.35
,Hachimantai,Iwate,Japan,39.9561,141.0711
,Hanamaki Onsen,Iwate,Japan,39.3886,141.1169
,Hirono,Iwate,Japan,40.4085,141.7187
,Ichinohe,Iwate,Japan,40.2129,141.2954
,Ichinoseki,Iwate,Japan,38.9347,141.1266
,Ishidoriyachō-eso,Iwate,Japan,39.4839,141.1471
,Iwaizumi,Iwate,Japan,39.8431,141.7964
,Iwate,Iwate,Japan,39.9728,141.2122
,Kamaishi,Iwate,Japan,39.2758,141.8857
,Kanegasaki,Iwate,Japan,39.1957,141.1163
,Kitakami,Iwate,Japan,39.2867,141.1132
,Kuji,Iwate,Japan,40.1905,141.7757
,Maesawa,Iwate,Japan,39.05,141.1167
,Miyako,Iwate,Japan,39.6414,141.9571
,Mizusawa,Iwate,Japan,39.1438,141.139
,Morioka,Iwate,Japan,39.7021,141.1545
,Ninohe,Iwate,Japan,40.2713,141.3048
,Ofunato,Iwate,Japan,39.068,141.7252
,Ōfunato,Iwate,Japan,39.062,141.7132
,Ōshū,Iwate,Japan,39.1445,141.1391
,Ōtsuchi,Iwate,Japan,39.3582,141.8994
,Rikuzen-Takata,Iwate,Japan,39.028,141.6254
,Senmayachō-senmaya,Iwate,Japan,38.9369,141.3314
,Shima,Iwate,Japan,39.5544,141.1555
,Shizukuishi,Iwate,Japan,39.6952,140.9758
,Takizawa,Iwate,Japan,39.7347,141.0771
,Taneichi,Iwate,Japan,40.4167,141.7167
,Tōno,Iwate,Japan,39.3279,141.5334
,Yahaba,Iwate,Japan,39.606,141.1429
,Yamada,Iwate,Japan,39.4676,141.9489
,Ayagawa,Kagawa,Japan,34.25,133.9167
,Higashikagawa,Kagawa,Japan,34.25,134.3667
,Kan’onjichō,Kagawa,Japan,34.1272,133.6614
,Mannō,Kagawa,Japan,34.2,133.8333
,Marugame,Kagawa,Japan,34.2833,133.8
,Miki,Kagawa,Japan,34.2667,134.1333
,Mitoyo,Kagawa,Japan,34.1825,133.715
,Mure,Kagawa,Japan,34.3376,134.1397
,Sakaidechō,Kagawa,Japan,34.3167,133.8667
,Sanuki,Kagawa,Japan,34.32,134.1794
,Shōdoshima,Kagawa,Japan,34.4833,134.2333
,Tadotsu,Kagawa,Japan,34.2667,133.75
,Takamatsu,Kagawa,Japan,34.35,134.05
,Tonoshō,Kagawa,Japan,34.4833,134.1833
,Utazu,Kagawa,Japan,34.3167,133.8333
,Zentsujichó,Kagawa,Japan,34.2167,133.7833
,Aira,Kagoshima,Japan,31.7283,130.6278
,Akune,Kagoshima,Japan,32.0167,130.2167
,Chiran,Kagoshima,Japan,31.3783,130.4416
,Hioki,Kagoshima,Japan,31.6117,130.3731
,Ibusuki,Kagoshima,Japan,31.2528,130.6331
,Ichikikushikino,Kagoshima,Japan,31.7167,130.2667
,Isa,Kagoshima,Japan,32.0572,130.6131
,Izumi,Kagoshima,Japan,32.0833,130.35
,Kagoshima,Kagoshima,Japan,31.6,130.55
,Kanoya,Kagoshima,Japan,31.3831,130.8519
,Kaseda-shirakame,Kagoshima,Japan,31.4169,130.3228
,Kirishima,Kagoshima,Japan,31.7406,130.7631
,Kisanuki,Kagoshima,Japan,31.2792,130.9925
,Makurazaki,Kagoshima,Japan,31.2728,130.2969
,Minamikyūshū,Kagoshima,Japan,31.3778,130.4419
,Minamisatsuma,Kagoshima,Japan,31.4169,130.3228
,Nishinoomote,Kagoshima,Japan,30.7322,130.9967
,Ōkuchi-shinohara,Kagoshima,Japan,32.05,130.6167
,Ōsako,Kagoshima,Japan,31.4422,130.9775
,Satsuma,Kagoshima,Japan,31.9,130.45
,Satsumasendai,Kagoshima,Japan,31.8167,130.3
,Shibushi,Kagoshima,Japan,31.5,131.05
,Sō,Kagoshima,Japan,31.6533,131.0192
,Taniyama-chūō,Kagoshima,Japan,31.5211,130.5176
,Tarumizu,Kagoshima,Japan,31.5228,130.7594
,Yakushima,Kagoshima,Japan,30.39,130.6511
,Aizawa,Kanagawa,Japan,35.5289,139.3217
,Atsugichō,Kanagawa,Japan,35.4333,139.3667
,Ayase,Kanagawa,Japan,35.4333,139.4333
,Chigasaki,Kanagawa,Japan,35.3333,139.4
,Ebina,Kanagawa,Japan,35.4464,139.3908
,Fujino,Kanagawa,Japan,35.606,139.143
,Fujisawa,Kanagawa,Japan,35.35,139.4667
,Hadano,Kanagawa,Japan,35.3667,139.2167
,Hakone,Kanagawa,Japan,35.1894,139.0247
,Hayama,Kanagawa,Japan,35.2725,139.5861
,Hiratsuka,Kanagawa,Japan,35.3167,139.35
,Isehara,Kanagawa,Japan,35.3833,139.3
,Kamakurayama,Kanagawa,Japan,35.3197,139.5525
,Kawasaki,Kanagawa,Japan,35.5167,139.7
,Kishi,Kanagawa,Japan,35.3333,139.1333
,Matsuda-sōryō,Kanagawa,Japan,35.35,139.1333
,Miura,Kanagawa,Japan,35.15,139.6167
,Nakaechi,Kanagawa,Japan,35.5499,139.4476
,Nakao,Kanagawa,Japan,35.3333,139.2167
,Nanbei,Kanagawa,Japan,35.3167,139.1
,Ninomiya,Kanagawa,Japan,35.2995,139.2555
,Odawara,Kanagawa,Japan,35.25,139.15
,Ōi,Kanagawa,Japan,35.3333,139.15
,Ōiso,Kanagawa,Japan,35.3086,139.3128
,Oyama,Kanagawa,Japan,35.3601,138.9873
,Sagamihara,Kanagawa,Japan,35.5667,139.3667
,Suzukawa,Kanagawa,Japan,35.3767,139.3847
,Uenohara,Kanagawa,Japan,35.6302,139.1113
,Yamakita,Kanagawa,Japan,35.35,139.0667
,Yato,Kanagawa,Japan,35.4833,139.45
,Yokohama,Kanagawa,Japan,35.4442,139.6381
,Yokosuka,Kanagawa,Japan,35.2813,139.6721
,Yugawara,Kanagawa,Japan,35.15,139.0667
,Zama,Kanagawa,Japan,35.4833,139.4
,Zushi,Kanagawa,Japan,35.2833,139.5833
,Aki,Kōchi,Japan,33.5,133.9
,Ino,Kōchi,Japan,33.55,133.4333
,Kami,Kōchi,Japan,33.6,133.6833
,Kōchi,Kōchi,Japan,33.5589,133.5314
,Kōnan,Kōchi,Japan,33.5667,133.7
,Kuroshio,Kōchi,Japan,33.0167,133.0167
,Muroto-misakicho,Kōchi,Japan,33.29,134.1519
,Nakai,Kōchi,Japan,33.5833,133.6333
,Sakawa,Kōchi,Japan,33.5,133.2833
,Shimanto,Kōchi,Japan,33,132.9333
,Shimanto,Kōchi,Japan,33.2167,133.1333
,Sukumo,Kōchi,Japan,32.9333,132.7167
,Susaki,Kōchi,Japan,33.3925,133.2931
,Tosa,Kōchi,Japan,33.5,133.4333
,Tosashimizu,Kōchi,Japan,32.7833,132.95
,Amakusa,Kumamoto,Japan,32.4667,130.2
,Arao,Kumamoto,Japan,32.9833,130.4353
,Asagiri,Kumamoto,Japan,32.2333,130.9
,Ashikita,Kumamoto,Japan,32.3,130.5167
,Aso,Kumamoto,Japan,32.9483,131.1239
,Hikawadai,Kumamoto,Japan,32.5667,130.6667
,Hitoyoshi,Kumamoto,Japan,32.2167,130.75
,Honmachi,Kumamoto,Japan,32.5,130.6
,Iwashita,Kumamoto,Japan,32.65,130.8167
,Kamiamakusa,Kumamoto,Japan,32.5,130.4167
,Kikuchi,Kumamoto,Japan,32.9833,130.8167
,Kikuyō,Kumamoto,Japan,32.85,130.8167
,Kōshizuka,Kumamoto,Japan,32.886,130.7897
,Kumamoto,Kumamoto,Japan,32.8031,130.7078
,Kushijima,Kumamoto,Japan,32.7333,130.75
,Mashiki,Kumamoto,Japan,32.7833,130.8
,Mifune,Kumamoto,Japan,32.7167,130.8
,Minamata,Kumamoto,Japan,32.2167,130.4
,Minamiaso,Kumamoto,Japan,32.8167,131.0333
,Miyajima,Kumamoto,Japan,33.1525,130.4747
,Nagaoki,Kumamoto,Japan,33.0167,130.6167
,Nagasu,Kumamoto,Japan,32.9333,130.45
,Nishi,Kumamoto,Japan,32.2,130.8333
,Ogōshi,Kumamoto,Japan,32.8833,130.7833
,Ōzu,Kumamoto,Japan,32.8667,130.8667
,Sekimachi,Kumamoto,Japan,33.05,130.5333
,Tamana,Kumamoto,Japan,32.9281,130.5594
,Taragi,Kumamoto,Japan,32.2667,130.9333
,Uki,Kumamoto,Japan,32.645,130.6864
,Uto,Kumamoto,Japan,32.6828,130.6669
,Yamaga,Kumamoto,Japan,33.0169,130.6828
,Yamato,Kumamoto,Japan,32.6833,131.0333
,Ayabe,Kyōto,Japan,35.3,135.2667
,Fukuchiyama,Kyōto,Japan,35.3,135.1333
,Jōyō,Kyōto,Japan,34.8531,135.78
,Kameoka,Kyōto,Japan,35.0167,135.5667
,Kizugawa,Kyōto,Japan,34.7372,135.82
,Kumiyama,Kyōto,Japan,34.8814,135.7328
,Kyōtamba,Kyōto,Japan,35.1667,135.4167
,Kyōtanabe,Kyōto,Japan,34.8144,135.7678
,Kyōtango,Kyōto,Japan,35.6242,135.0611
,Kyōto,Kyōto,Japan,35.0117,135.7683
,Maizuru,Kyōto,Japan,35.4667,135.3833
,Miyazu,Kyōto,Japan,35.5333,135.2
,Mukōchō,Kyōto,Japan,34.9486,135.6983
,Nagaoka,Kyōto,Japan,34.9269,135.6958
,Nantan,Kyōto,Japan,35.1,135.4667
,Ōyamazaki,Kyōto,Japan,34.9028,135.6883
,Seika,Kyōto,Japan,34.7608,135.7858
,Shimotoba,Kyōto,Japan,34.8833,135.6667
,Uji,Kyōto,Japan,34.8844,135.7997
,Yawata-shimizui,Kyōto,Japan,34.8756,135.7075
,Yosano,Kyōto,Japan,35.5667,135.15
,Asahi,Mie,Japan,35.0333,136.6667
,Iga,Mie,Japan,34.7667,136.1333
,Inabe,Mie,Japan,35.1156,136.5614
,Ise,Mie,Japan,34.4833,136.7167
,Kameyama,Mie,Japan,34.8558,136.4517
,Kawagoe,Mie,Japan,35.0167,136.6667
,Kihō,Mie,Japan,33.7333,136
,Kihoku,Mie,Japan,34.2114,136.3372
,Komono,Mie,Japan,35.0167,136.5
,Kumano,Mie,Japan,33.8886,136.1002
,Kuwana,Mie,Japan,35.0667,136.6833
,Matsuzaka,Mie,Japan,34.5779,136.5276
,Meiwa,Mie,Japan,34.55,136.6167
,Minamiise,Mie,Japan,34.35,136.7
,Nabari,Mie,Japan,34.6276,136.1084
,Owase,Mie,Japan,34.0708,136.191
,Shima,Mie,Japan,34.3333,136.8333
,Shingū,Mie,Japan,33.7167,136
,Suzuka,Mie,Japan,34.882,136.5842
,Taki,Mie,Japan,34.4961,136.5462
,Tamaki,Mie,Japan,34.4833,136.6333
,Toba,Mie,Japan,34.4813,136.8434
,Tōin,Mie,Japan,35.0667,136.6
,Tsu,Mie,Japan,34.7184,136.5057
,Yokkaichi,Mie,Japan,34.965,136.6244
,Higashimatsushima,Miyagi,Japan,38.4263,141.2104
,Ishizaki,Miyagi,Japan,38.4176,141.3027
,Iwanuma,Miyagi,Japan,38.1043,140.8702
,Kakuda,Miyagi,Japan,37.977,140.7821
,Kami,Miyagi,Japan,38.5718,140.8548
,Kesennuma,Miyagi,Japan,38.9081,141.5699
,Kurihara,Miyagi,Japan,38.7301,141.0215
,Marumori,Miyagi,Japan,37.9114,140.7654
,Matsushima,Miyagi,Japan,38.3802,141.0673
,Minamisanriku,Miyagi,Japan,38.6793,141.4608
,Misato,Miyagi,Japan,38.5444,141.0567
,Murata,Miyagi,Japan,38.1185,140.7224
,Natori-shi,Miyagi,Japan,38.1715,140.8918
,Ōgawara,Miyagi,Japan,38.0494,140.7308
,Ōsaki,Miyagi,Japan,38.5771,140.9556
,Rifu,Miyagi,Japan,38.3329,140.9772
,Sendai,Miyagi,Japan,38.2682,140.8694
,Shibata,Miyagi,Japan,38.0566,140.7658
,Shichigahama,Miyagi,Japan,38.3045,141.0591
,Shiogama,Miyagi,Japan,38.3144,141.022
,Shirakawa-tsuda,Miyagi,Japan,38.0025,140.6197
,Shiroishi,Miyagi,Japan,38.0025,140.6197
,Tagajō,Miyagi,Japan,38.2938,141.0043
,Taiwa,Miyagi,Japan,38.4373,140.8864
,Tomiya,Miyagi,Japan,38.4,140.8833
,Toyomamachi-teraike,Miyagi,Japan,38.6918,141.1877
,Wakuya,Miyagi,Japan,38.5397,141.1282
,Watari,Miyagi,Japan,38.0378,140.8526
,Yamamoto,Miyagi,Japan,37.9624,140.8775
,Zaō,Miyagi,Japan,39.0981,140.6587
,Ebino,Miyazaki,Japan,32.0453,130.8108
,Hyūga,Miyazaki,Japan,32.4228,131.6239
,Kadogawa,Miyazaki,Japan,32.4711,131.6461
,Kawaminami,Miyazaki,Japan,32.1919,131.5258
,Kobayashi,Miyazaki,Japan,31.9967,130.9725
,Kunitomi,Miyazaki,Japan,31.9906,131.3236
,Kushima,Miyazaki,Japan,31.4644,131.2283
,Mimata,Miyazaki,Japan,31.7306,131.125
,Mitai,Miyazaki,Japan,32.7117,131.3078
,Miyakonojō,Miyazaki,Japan,31.7194,131.0617
,Miyazaki,Miyazaki,Japan,31.9078,131.4203
,Nichinan,Miyazaki,Japan,31.6019,131.3786
,Nobeoka,Miyazaki,Japan,32.5822,131.665
,Saito,Miyazaki,Japan,32.1086,131.4014
,Shintomi,Miyazaki,Japan,32.0689,131.4881
,Takaharu,Miyazaki,Japan,31.9283,131.0078
,Takanabe,Miyazaki,Japan,32.1281,131.5033
,Tsunō,Miyazaki,Japan,32.2564,131.5597
,Azumino,Nagano,Japan,36.3039,137.9058
,Chikuma,Nagano,Japan,36.5339,138.12
,Chino,Nagano,Japan,35.9955,138.1588
,Fujimi,Nagano,Japan,35.9146,138.2407
,Hakubachō,Nagano,Japan,36.6981,137.8619
,Iida,Nagano,Japan,35.515,137.8214
,Iijima,Nagano,Japan,35.6767,137.9198
,Iiyama,Nagano,Japan,36.8516,138.3655
,Iizuna,Nagano,Japan,36.7548,138.2355
,Ikeda,Nagano,Japan,36.4212,137.8746
,Ina,Nagano,Japan,35.8275,137.954
,Kiso,Nagano,Japan,35.9363,137.7831
,Komagane,Nagano,Japan,35.7288,137.9339
,Komoro,Nagano,Japan,36.3275,138.4258
,Matsukawa,Nagano,Japan,35.5972,137.9097
,Matsumoto,Nagano,Japan,36.238,137.972
,Minamiminowa,Nagano,Japan,35.8729,137.9751
,Minowa,Nagano,Japan,35.915,137.9819
,Miyada,Nagano,Japan,35.7689,137.9443
,Miyota,Nagano,Japan,36.3212,138.5088
,Mochizuki,Nagano,Japan,36.2644,138.3622
,Nagano,Nagano,Japan,36.6486,138.1947
,Nakano,Nagano,Japan,36.742,138.3694
,Obuse,Nagano,Japan,36.6975,138.3121
,Okaya,Nagano,Japan,36.0671,138.0493
,Ōmachi,Nagano,Japan,36.503,137.8511
,Sakaki,Nagano,Japan,36.4618,138.1801
,Saku,Nagano,Japan,36.2488,138.4769
,Sakuho,Nagano,Japan,36.161,138.4834
,Shimohata,Nagano,Japan,36.2,137.85
,Shimomura,Nagano,Japan,36.0696,138.0802
,Shiojiri,Nagano,Japan,36.115,137.9534
,Suwa,Nagano,Japan,36.0391,138.114
,Suzaka,Nagano,Japan,36.6511,138.3073
,Takamori,Nagano,Japan,35.5138,137.8739
,Tatsuno,Nagano,Japan,35.9824,137.9876
,Tōmi,Nagano,Japan,36.3594,138.3304
,Ueda,Nagano,Japan,36.4019,138.2491
,Usuda,Nagano,Japan,36.1955,138.4792
,Yamanouchi,Nagano,Japan,36.7446,138.4127
,Furukawamen,Nagasaki,Japan,33.2378,129.6547
,Gotō,Nagasaki,Japan,32.7,128.8333
,Hasami,Nagasaki,Japan,33.1336,129.8994
,Hirado,Nagasaki,Japan,33.3667,129.55
,Iki,Nagasaki,Japan,33.7497,129.6914
,Isahaya,Nagasaki,Japan,32.85,130.0667
,Kawatana,Nagasaki,Japan,33.0667,129.8667
,Matsuura,Nagasaki,Japan,33.3333,129.7167
,Minamishimabara,Nagasaki,Japan,32.6667,130.3
,Nagasaki,Nagasaki,Japan,32.7447,129.8736
,Obita,Nagasaki,Japan,32.8167,129.8833
,Ōmura,Nagasaki,Japan,32.9,129.9583
,Saikaichō-kobagō,Nagasaki,Japan,32.9333,129.65
,Sasebo,Nagasaki,Japan,33.18,129.715
,Shimabara,Nagasaki,Japan,32.7878,130.3697
,Shin-Kamigotō,Nagasaki,Japan,32.9844,129.0733
,Togitsu,Nagasaki,Japan,32.8333,129.85
,Tsushima,Nagasaki,Japan,34.2,129.2833
,Unzen,Nagasaki,Japan,32.8353,130.1875
,Yoshiichō-shimobaru,Nagasaki,Japan,33.18,129.715
,Gojō,Nara,Japan,34.3486,135.6964
,Gose,Nara,Japan,34.4667,135.7333
,Heguri,Nara,Japan,34.6333,135.7
,Ikaruga,Nara,Japan,34.6167,135.7333
,Ikoma,Nara,Japan,34.7,135.7
,Kanmaki,Nara,Japan,34.5667,135.7167
,Kashiba,Nara,Japan,34.5333,135.7
,Kashiwara,Nara,Japan,34.5167,135.8
,Katsuragi,Nara,Japan,34.4833,135.7333
,Kawai,Nara,Japan,34.5833,135.7333
,Kitakōriyamachō,Nara,Japan,34.65,135.7833
,Kōryō,Nara,Japan,34.55,135.75
,Nara,Nara,Japan,34.6844,135.805
,Nikaidō-kaminoshōchō,Nara,Japan,34.5914,135.7962
,Ōiwa,Nara,Japan,34.5254,135.8498
,Ōji,Nara,Japan,34.6,135.7167
,Ōuda-daitō,Nara,Japan,34.4789,135.9281
,Ōuda-yamaguchi,Nara,Japan,34.5167,135.9667
,Ōyodo,Nara,Japan,34.3833,135.7833
,Sakurai,Nara,Japan,34.5167,135.85
,Shinjō,Nara,Japan,34.4892,135.7266
,Taima,Nara,Japan,34.5111,135.7069
,Tanbaichichō,Nara,Japan,34.5966,135.8374
,Tawaramoto,Nara,Japan,34.55,135.8
,Tenri,Nara,Japan,34.5967,135.8372
,Unebichō,Nara,Japan,34.4806,135.7926
,Yamatotakada,Nara,Japan,34.5167,135.7333
,Yao,Nara,Japan,34.6269,135.601
,Agano,Niigata,Japan,37.8344,139.226
,Arakawa,Niigata,Japan,38.1241,139.4438
,Gosen,Niigata,Japan,37.7444,139.1826
,Itoigawa,Niigata,Japan,37.039,137.8627
,Iwamuro-onsen,Niigata,Japan,37.7375,138.8391
,Jōetsu,Niigata,Japan,37.1479,138.2361
,Kameda-honchō,Niigata,Japan,37.8678,139.0942
,Kashiwazaki,Niigata,Japan,37.3719,138.559
,Maki,Niigata,Japan,37.7605,138.8893
,Minamiuonuma,Niigata,Japan,37.0655,138.8761
,Mitsuke,Niigata,Japan,37.5316,138.9127
,Murakami,Niigata,Japan,38.224,139.48
,Myōkō,Niigata,Japan,37.0252,138.2535
,Nagaoka,Niigata,Japan,37.4462,138.8512
,Niigata,Niigata,Japan,37.9161,139.0364
,Ojiya,Niigata,Japan,37.3144,138.7951
,Sado,Niigata,Japan,38.0183,138.3683
,Sanjō,Niigata,Japan,37.6368,138.9617
,Seirō,Niigata,Japan,37.9745,139.2742
,Shibata,Niigata,Japan,37.9479,139.3273
,Shirone,Niigata,Japan,37.7658,139.0192
,Tagami,Niigata,Japan,37.6988,139.058
,Tainai,Niigata,Japan,38.0597,139.4103
,Tōkamachi,Niigata,Japan,37.1333,138.75
,Tsubame,Niigata,Japan,37.6731,138.8822
,Uonuma,Niigata,Japan,37.2301,138.9615
,Beppu,Ōita,Japan,33.2847,131.4914
,Bungoōno,Ōita,Japan,32.9775,131.5842
,Bungotakada,Ōita,Japan,33.5561,131.4469
,Hiji,Ōita,Japan,33.3694,131.5322
,Hita,Ōita,Japan,33.3214,130.9411
,Kitsuki,Ōita,Japan,33.4169,131.6161
,Kunisakimachi-tsurugawa,Ōita,Japan,33.5633,131.7322
,Ōita,Ōita,Japan,33.2333,131.6067
,Saiki,Ōita,Japan,32.9597,131.9
,Taketa,Ōita,Japan,32.9736,131.3978
,Tsukawaki,Ōita,Japan,33.2831,131.1515
,Tsukumiura,Ōita,Japan,33.0722,131.8614
,Usa,Ōita,Japan,33.5319,131.3494
,Usuki,Ōita,Japan,33.1261,131.8053
,Yufu,Ōita,Japan,33.18,131.4267
,Akaiwa,Okayama,Japan,34.7553,134.0189
,Asakuchi,Okayama,Japan,34.5247,133.5875
,Bizen,Okayama,Japan,34.7453,134.1889
,Hayashima,Okayama,Japan,34.6006,133.8283
,Ibara,Okayama,Japan,34.6,133.4667
,Kagamino,Okayama,Japan,35.0919,133.9331
,Kasaoka,Okayama,Japan,34.5039,133.51
,Katsuyama,Okayama,Japan,35.0876,133.6913
,Kibichūō,Okayama,Japan,34.8633,133.6936
,Kurashiki,Okayama,Japan,34.585,133.7722
,Kuse,Okayama,Japan,35.0759,133.7534
,Maniwa,Okayama,Japan,35.0758,133.7525
,Mimasaka,Okayama,Japan,35.0086,134.1486
,Misaki,Okayama,Japan,35.9981,133.9581
,Niimi,Okayama,Japan,34.9739,133.4731
,Ochiai,Okayama,Japan,35.0181,133.7524
,Okayama,Okayama,Japan,34.65,133.9167
,Satoshō,Okayama,Japan,34.5139,133.5569
,Setouchi,Okayama,Japan,34.6667,134.1
,Shōō,Okayama,Japan,35.05,134.1167
,Sōja,Okayama,Japan,34.6728,133.7464
,Takahashi,Okayama,Japan,34.7914,133.6164
,Tama,Okayama,Japan,34.4886,133.9486
,Tsuyama,Okayama,Japan,35.0692,134.0044
,Wake,Okayama,Japan,34.8028,134.1575
,Yakage,Okayama,Japan,34.6275,133.5872
,Amami,Okinawa,Japan,28.3783,129.4944
,Chatan,Okinawa,Japan,26.32,127.7639
,Ginowan,Okinawa,Japan,26.2817,127.7783
,Ishigaki,Okinawa,Japan,24.3406,124.1556
,Itoman,Okinawa,Japan,26.1236,127.6658
,Kadena,Okinawa,Japan,26.3617,127.7553
,Katsuren-haebaru,Okinawa,Japan,26.1911,127.7286
,Kin,Okinawa,Japan,26.4561,127.9261
,Kitanakagusuku,Okinawa,Japan,26.3011,127.7931
,Koja,Okinawa,Japan,26.3344,127.8057
,Miyakojima,Okinawa,Japan,24.8056,125.2811
,Motobu,Okinawa,Japan,26.6581,127.8981
,Nago,Okinawa,Japan,26.5917,127.9775
,Naha,Okinawa,Japan,26.2122,127.6792
,Nakagusuku,Okinawa,Japan,26.2678,127.7914
,Nakoushi,Okinawa,Japan,26.6825,127.9728
,Nanjō,Okinawa,Japan,26.1631,127.7706
,Nishihara,Okinawa,Japan,26.2167,127.7667
,Okinawa,Okinawa,Japan,26.3342,127.8056
,Onna,Okinawa,Japan,26.4833,127.85
,Tokunoshima,Okinawa,Japan,27.7672,129.0017
,Tomigusuku,Okinawa,Japan,26.1611,127.6689
,Urasoe,Okinawa,Japan,26.2458,127.7219
,Uruma,Okinawa,Japan,26.3792,127.8575
,Yaese,Okinawa,Japan,26.1581,127.7186
,Yomitan,Okinawa,Japan,26.3961,127.7444
,Yonabaru,Okinawa,Japan,26.1994,127.7547
,Daitōchō,Ōsaka,Japan,34.7167,135.6167
,Fujiidera,Ōsaka,Japan,34.5667,135.6
,Habikino,Ōsaka,Japan,34.55,135.6
,Hannan,Ōsaka,Japan,34.3597,135.2394
,Higashi-ōsaka,Ōsaka,Japan,34.6794,135.6008
,Hirakata,Ōsaka,Japan,34.8167,135.65
,Ibaraki,Ōsaka,Japan,34.8164,135.5686
,Izumiōtsu,Ōsaka,Japan,34.5,135.4
,Izumisano,Ōsaka,Japan,34.4,135.3333
,Kadoma,Ōsaka,Japan,34.7333,135.5833
,Kaizuka,Ōsaka,Japan,34.4333,135.3667
,Kanan,Ōsaka,Japan,34.4833,135.6333
,Kashiwara,Ōsaka,Japan,34.5833,135.6333
,Katano,Ōsaka,Japan,34.7833,135.6833
,Kawachichō,Ōsaka,Japan,34.6794,135.6008
,Kawachinagano,Ōsaka,Japan,34.4667,135.5667
,Kawashiri,Ōsaka,Japan,34.8333,135.4167
,Kishiwada,Ōsaka,Japan,34.4667,135.3667
,Kumatori,Ōsaka,Japan,34.4,135.35
,Matsubara,Ōsaka,Japan,34.5833,135.55
,Minamisuita,Ōsaka,Japan,34.7594,135.5169
,Minō,Ōsaka,Japan,34.8269,135.4706
,Minoo,Ōsaka,Japan,34.8333,135.4667
,Misaki,Ōsaka,Japan,34.3167,135.15
,Moriguchi,Ōsaka,Japan,34.7375,135.5642
,Neya,Ōsaka,Japan,34.7667,135.6333
,Ōsaka,Ōsaka,Japan,34.6939,135.5022
,Ōsakasayama,Ōsaka,Japan,34.5,135.55
,Sakai,Ōsaka,Japan,34.5733,135.4831
,Sanga,Ōsaka,Japan,34.6,135.7
,Sennan,Ōsaka,Japan,34.3628,135.2761
,Settsu,Ōsaka,Japan,34.7772,135.5622
,Shijōnawate,Ōsaka,Japan,34.74,135.6394
,Tadaoka-higashi,Ōsaka,Japan,34.4833,135.4
,Taishi,Ōsaka,Japan,34.5167,135.65
,Takaishi,Ōsaka,Japan,34.5167,135.45
,Takatsuki,Ōsaka,Japan,34.8461,135.6175
,Tondabayashichō,Ōsaka,Japan,34.5,135.6
,Toyonaka,Ōsaka,Japan,34.7833,135.4667
,Toyono,Ōsaka,Japan,34.9189,135.4942
,Arita,Saga,Japan,33.2106,129.849
,Imarichō-kō,Saga,Japan,33.2667,129.8833
,Kanzakimachi-kanzaki,Saga,Japan,33.3167,130.3667
,Karatsu,Saga,Japan,33.45,129.9667
,Kashima,Saga,Japan,33.1036,130.0989
,Miyaki,Saga,Japan,33.3167,130.45
,Ogimachi,Saga,Japan,33.25,130.2
,Saga,Saga,Japan,33.2667,130.3
,Shiotachō-matsusaki,Saga,Japan,33.1268,130.0589
,Shiroishi,Saga,Japan,33.1808,130.1431
,Takeochō-takeo,Saga,Japan,33.2,130.0167
,Taku,Saga,Japan,33.2833,130.1167
,Tosu,Saga,Japan,33.3833,130.5
,Ureshinomachi-shimojuku,Saga,Japan,33.1333,130.0667
,Yamaguchi,Saga,Japan,33.1833,129.95
,Yoshinogari,Saga,Japan,33.3167,130.4
,Ageoshimo,Saitama,Japan,35.9774,139.5932
,Asaka,Saitama,Japan,35.7972,139.5939
,Chichibu,Saitama,Japan,35.9918,139.0855
,Fujimi,Saitama,Japan,35.8566,139.5492
,Fujimino,Saitama,Japan,35.8795,139.5198
,Fukayachō,Saitama,Japan,36.1975,139.2815
,Gyōda,Saitama,Japan,36.1389,139.4556
,Hamura,Saitama,Japan,35.7672,139.3109
,Hannō,Saitama,Japan,35.8557,139.3277
,Hanyū,Saitama,Japan,36.1726,139.5485
,Hasuda,Saitama,Japan,35.9945,139.6624
,Hatogaya-honchō,Saitama,Japan,35.8333,139.7333
,Hatoyama,Saitama,Japan,35.9814,139.3341
,Hidaka,Saitama,Japan,35.9078,139.3391
,Higashi-Matsuyama,Saitama,Japan,36.0422,139.3999
,Higashiyamato,Saitama,Japan,35.7454,139.4265
,Honchō,Saitama,Japan,35.758,139.5299
,Honjō,Saitama,Japan,36.2436,139.1904
,Inuma,Saitama,Japan,36.0001,139.6242
,Iruma,Saitama,Japan,35.8358,139.3911
,Kamikawa,Saitama,Japan,36.2139,139.1017
,Kamisato,Saitama,Japan,36.2516,139.1447
,Kasukabe,Saitama,Japan,35.9753,139.7523
,Kawagoe,Saitama,Japan,35.9251,139.4858
,Kawaguchi,Saitama,Japan,35.8077,139.7241
,Kazo,Saitama,Japan,36.1314,139.6018
,Kisai,Saitama,Japan,36.1,139.5667
,Kitamoto,Saitama,Japan,36.0269,139.5302
,Kitatajima,Saitama,Japan,35.9821,139.4816
,Kiyose,Saitama,Japan,35.7857,139.5265
,Kōnosu,Saitama,Japan,36.0659,139.5222
,Koshigaya,Saitama,Japan,35.8911,139.7909
,Kukichūō,Saitama,Japan,36.0621,139.6668
,Kumagaya,Saitama,Japan,36.1474,139.3886
,Matsubushi,Saitama,Japan,35.9258,139.8152
,Minamishiro,Saitama,Japan,36.0227,139.7227
,Minano,Saitama,Japan,36.0708,139.0988
,Miyoshidai,Saitama,Japan,35.8284,139.5265
,Mizuho,Saitama,Japan,35.772,139.354
,Morohongō,Saitama,Japan,35.9415,139.316
,Namegawa,Saitama,Japan,36.066,139.361
,Niiza,Saitama,Japan,35.7935,139.5653
,Ogano,Saitama,Japan,36.0171,139.0086
,Ogawa,Saitama,Japan,36.0567,139.2618
,Ogose,Saitama,Japan,35.9645,139.2942
,Okegawa,Saitama,Japan,36.0057,139.5427
,Ranzan,Saitama,Japan,36.0565,139.3205
,Saitama,Saitama,Japan,35.8614,139.6456
,Sakado,Saitama,Japan,35.9573,139.403
,Satte,Saitama,Japan,36.0781,139.7259
,Sayama,Saitama,Japan,35.853,139.4122
,Shinkai,Saitama,Japan,35.8367,139.5803
,Shiraoka,Saitama,Japan,36.0191,139.6769
,Sōka,Saitama,Japan,35.8254,139.8053
,Sugito,Saitama,Japan,36.0258,139.7367
,Toda,Saitama,Japan,35.8176,139.6779
,Tokigawa,Saitama,Japan,36.0086,139.2968
,Tokorozawa,Saitama,Japan,35.7996,139.4686
,Tsurugashima,Saitama,Japan,35.9345,139.3931
,Wakō,Saitama,Japan,35.7812,139.6057
,Warabi,Saitama,Japan,35.8256,139.6797
,Yashio,Saitama,Japan,35.8225,139.8392
,Yorii,Saitama,Japan,36.1183,139.193
,Yoshikawa,Saitama,Japan,35.8939,139.8414
,Yoshimi,Saitama,Japan,36.0399,139.4538
,Aishō,Shiga,Japan,35.1667,136.2167
,Higashiōmi,Shiga,Japan,35.1167,136.2
,Hikone,Shiga,Japan,35.2667,136.2667
,Hino,Shiga,Japan,35.0167,136.25
,Kōka,Shiga,Japan,34.9667,136.1667
,Konan,Shiga,Japan,35,136.0833
,Kusatsu,Shiga,Japan,35.0167,135.9667
,Maibara,Shiga,Japan,35.3167,136.2833
,Moriyama,Shiga,Japan,35.0586,135.9942
,Nagahama,Shiga,Japan,35.3833,136.2833
,Ōmihachiman,Shiga,Japan,35.1283,136.0981
,Ōtsu,Shiga,Japan,35.0167,135.85
,Rittō,Shiga,Japan,35.0167,136
,Ryūō,Shiga,Japan,35.0667,136.1167
,Takashima,Shiga,Japan,35.35,136.0333
,Yasu,Shiga,Japan,35.0667,136.0333
,Gōtsuchō,Shimane,Japan,35.0117,132.2178
,Hamada,Shimane,Japan,34.8992,132.0964
,Hikawa,Shimane,Japan,35.3833,132.8333
,Izumo,Shimane,Japan,35.3669,132.7547
,Masuda,Shimane,Japan,34.6747,131.8428
,Matsue,Shimane,Japan,35.4681,133.0486
,Ōdachō-ōda,Shimane,Japan,35.1919,132.4994
,Okinoshima,Shimane,Japan,36.2,133.3167
,Okuizumo,Shimane,Japan,35.1975,133.0025
,Ōnan,Shimane,Japan,34.8939,132.4378
,Sakaiminato,Shimane,Japan,35.5333,133.2333
,Taishachō-kizukikita,Shimane,Japan,35.3867,132.6902
,Unnan,Shimane,Japan,35.3078,132.9003
,Yasugichō,Shimane,Japan,35.4314,133.2508
,Arai,Shizuoka,Japan,34.6833,137.5667
,Atami,Shizuoka,Japan,35.096,139.0716
,Fuji,Shizuoka,Japan,35.1613,138.6763
,Fujioka,Shizuoka,Japan,35.15,138.6167
,Fujita,Shizuoka,Japan,34.8674,138.2577
,Fukude,Shizuoka,Japan,34.6781,137.8797
,Fukuroi,Shizuoka,Japan,34.7502,137.9247
,Gotenba,Shizuoka,Japan,35.3087,138.9346
,Hamakita,Shizuoka,Japan,34.7931,137.79
,Hamamatsu,Shizuoka,Japan,34.7108,137.7275
,Higashiizu,Shizuoka,Japan,34.7667,139.0333
,Itō,Shizuoka,Japan,34.9657,139.1019
,Iwata,Shizuoka,Japan,34.7179,137.8515
,Izu,Shizuoka,Japan,34.9765,138.9468
,Izunokuni,Shizuoka,Japan,35.0333,138.9333
,Kakegawa,Shizuoka,Japan,34.7687,137.9984
,Kanaya,Shizuoka,Japan,34.8345,138.1267
,Kanbara,Shizuoka,Japan,35.1159,138.5949
,Kannan,Shizuoka,Japan,35.0889,138.9534
,Kawai,Shizuoka,Japan,35.2,138.5667
,Kikugawa,Shizuoka,Japan,34.75,138.0833
,Kosai,Shizuoka,Japan,34.7184,137.5316
,Maisaka,Shizuoka,Japan,34.6857,137.6272
,Makinohara,Shizuoka,Japan,34.7333,138.2167
,Mikkabi,Shizuoka,Japan,34.8031,137.5561
,Mineshita,Shizuoka,Japan,35.1185,138.9186
,Mori,Shizuoka,Japan,34.8333,137.9333
,Nagaizumi,Shizuoka,Japan,35.1377,138.8972
,Niiyama,Shizuoka,Japan,35.0533,138.9455
,Numazu,Shizuoka,Japan,35.0956,138.8634
,Okabechō-okabe,Shizuoka,Japan,34.9167,138.2833
,Omaezaki,Shizuoka,Japan,34.6379,138.1281
,Ōmiyachō,Shizuoka,Japan,35.2221,138.6216
,Ryūyō,Shizuoka,Japan,34.6783,137.8167
,Sagara,Shizuoka,Japan,34.6863,138.1987
,Shimada,Shizuoka,Japan,34.8363,138.1927
,Shimizuchō,Shizuoka,Japan,35.099,138.9029
,Shimogamo,Shizuoka,Japan,34.6795,138.9453
,Shizuoka,Shizuoka,Japan,34.9756,138.3828
,Shuzenji,Shizuoka,Japan,34.9717,138.9304
,Susono,Shizuoka,Japan,35.1739,138.9068
,Yaizu,Shizuoka,Japan,34.8669,138.3247
,Yoshida,Shizuoka,Japan,34.7667,138.25
,Yoshiwara,Shizuoka,Japan,35.1633,138.6866
,Yui,Shizuoka,Japan,35.1,138.5667
,Ashikaga,Tochigi,Japan,36.3402,139.4497
,Haga,Tochigi,Japan,36.5483,140.0582
,Ichikai,Tochigi,Japan,36.55,140.1
,Kaminokawa,Tochigi,Japan,36.4393,139.9099
,Kanuma,Tochigi,Japan,36.5671,139.7451
,Mashiko,Tochigi,Japan,36.4673,140.0934
,Mibu,Tochigi,Japan,36.4271,139.804
,Mooka,Tochigi,Japan,36.4404,140.0134
,Motegi,Tochigi,Japan,36.5321,140.1876
,Nakagawa,Tochigi,Japan,36.7382,140.1715
,Nasu,Tochigi,Japan,37.0198,140.121
,Nasukarasuyama,Tochigi,Japan,36.6569,140.1514
,Nasushiobara,Tochigi,Japan,36.9617,140.0461
,Nikkō,Tochigi,Japan,36.7198,139.6982
,Nogi,Tochigi,Japan,36.2332,139.7407
,Ōtawara,Tochigi,Japan,36.8711,140.0156
,Oyama,Tochigi,Japan,36.3146,139.8002
,Sakura,Tochigi,Japan,36.6853,139.9664
,Sano,Tochigi,Japan,36.3145,139.5783
,Shimotsuke,Tochigi,Japan,36.3872,139.8421
,Shioya,Tochigi,Japan,36.7776,139.8506
,Takanezawa,Tochigi,Japan,36.631,139.9865
,Tochigi,Tochigi,Japan,36.3813,139.7303
,Utsunomiya,Tochigi,Japan,36.5551,139.8826
,Yaita,Tochigi,Japan,36.8067,139.9241
,Aizumi,Tokushima,Japan,34.1266,134.4951
,Anan,Tokushima,Japan,33.9167,134.6667
,Awa,Tokushima,Japan,34.1014,134.2964
,Higashimiyoshi,Tokushima,Japan,34.0333,133.9333
,Ishii,Tokushima,Japan,34.0667,134.4333
,Itano,Tokushima,Japan,34.1444,134.4626
,Kamiita,Tokushima,Japan,34.1167,134.4
,Kitajima,Tokushima,Japan,34.1333,134.55
,Komatsushimachō,Tokushima,Japan,34.0003,134.5844
,Matsushige,Tokushima,Japan,34.1339,134.5803
,Mima,Tokushima,Japan,34.05,134.1667
,Miyoshi,Tokushima,Japan,34.026,133.8072
,Nakagawa,Tokushima,Japan,33.9511,134.6622
,Narutochō-mitsuishi,Tokushima,Japan,34.1667,134.6167
,Tokushima,Tokushima,Japan,34.0667,134.55
,Yoshinogawa,Tokushima,Japan,34.0631,134.3614
,Adachi,Tōkyō,Japan,35.7833,139.8
,Akiruno,Tōkyō,Japan,35.7289,139.2941
,Akishima,Tōkyō,Japan,35.7057,139.3535
,Arakawa,Tōkyō,Japan,35.7333,139.7833
,Bunkyō-ku,Tōkyō,Japan,35.7167,139.75
,Chiyoda-ku,Tōkyō,Japan,35.694,139.7536
,Chōfugaoka,Tōkyō,Japan,35.6506,139.5407
,Chūō-ku,Tōkyō,Japan,35.6667,139.7667
,Edogawa-ku,Tōkyō,Japan,35.7,139.8833
,Fuchū,Tōkyō,Japan,35.6689,139.4776
,Fussa,Tōkyō,Japan,35.7333,139.3333
,Hachiōji,Tōkyō,Japan,35.6664,139.316
,Haramachida,Tōkyō,Japan,35.5434,139.4452
,Higashimurayama,Tōkyō,Japan,35.7546,139.4685
,Hino,Tōkyō,Japan,35.6713,139.3951
,Hinode,Tōkyō,Japan,35.7421,139.2546
,Hōyachō,Tōkyō,Japan,35.7483,139.5675
,Inagi,Tōkyō,Japan,35.6379,139.5046
,Itabashi,Tōkyō,Japan,35.7667,139.6833
,Itsukaichi,Tōkyō,Japan,35.7522,139.2667
,Kamirenjaku,Tōkyō,Japan,35.6836,139.5595
,Katsushika-ku,Tōkyō,Japan,35.7333,139.85
,Kita-ku,Tōkyō,Japan,35.75,139.7333
,Kodaira,Tōkyō,Japan,35.7285,139.4774
,Koganei,Tōkyō,Japan,35.6995,139.503
,Kokubunji,Tōkyō,Japan,35.7109,139.4622
,Komae,Tōkyō,Japan,35.6348,139.5787
,Kōtō-ku,Tōkyō,Japan,35.6667,139.8167
,Kunitachi,Tōkyō,Japan,35.6839,139.4414
,Machida,Tōkyō,Japan,35.5542,139.4431
,Meguro,Tōkyō,Japan,35.6333,139.6833
,Minamikarasuyama,Tōkyō,Japan,35.6683,139.6012
,Minato,Tōkyō,Japan,35.6581,139.7514
,Musashimurayama,Tōkyō,Japan,35.7548,139.3874
,Musashino,Tōkyō,Japan,35.7177,139.5661
,Nakano,Tōkyō,Japan,35.7074,139.6638
,Nerima,Tōkyō,Japan,35.7356,139.6517
,Nishitōkyō,Tōkyō,Japan,35.7256,139.5383
,Ōme,Tōkyō,Japan,35.788,139.2758
,Ōta-ku,Tōkyō,Japan,35.5614,139.7161
,Setagaya,Tōkyō,Japan,35.6466,139.6532
,Shibuya,Tōkyō,Japan,35.6536,139.7092
,Shibuya-ku,Tōkyō,Japan,35.6594,139.7006
,Shimokodanaka,Tōkyō,Japan,35.6616,139.6666
,Shinagawa-ku,Tōkyō,Japan,35.6,139.7333
,Shinjuku,Tōkyō,Japan,35.7014,139.7097
,Suginami-ku,Tōkyō,Japan,35.6994,139.6364
,Sumida,Tōkyō,Japan,35.7,139.8167
,Tachikawa,Tōkyō,Japan,35.6942,139.4197
,Taitō,Tōkyō,Japan,35.7125,139.78
,Tama,Tōkyō,Japan,35.6369,139.4463
,Tanashichō,Tōkyō,Japan,35.7275,139.5489
,Tokyo,Tōkyō,Japan,35.6897,139.6922
,Toshima,Tōkyō,Japan,35.7333,139.7167
,Daisen,Tottori,Japan,35.5,133.5
,Hōki,Tottori,Japan,35.3856,133.4072
,Hokuei,Tottori,Japan,35.4833,133.7667
,Iwai,Tottori,Japan,35.5833,134.3333
,Kotoura,Tottori,Japan,35.5,133.7
,Kurayoshi,Tottori,Japan,35.4333,133.8167
,Nanbu,Tottori,Japan,35.3333,133.3333
,Tottori,Tottori,Japan,35.5,134.2333
,Yazu,Tottori,Japan,35.4,134.25
,Yonago,Tottori,Japan,35.4333,133.3333
,Yurihama,Tottori,Japan,35.4833,133.8667
,Asahi,Toyama,Japan,36.9462,137.5599
,Himi,Toyama,Japan,36.8567,136.9731
,Imizuchō,Toyama,Japan,36.7306,137.0756
,Inami,Toyama,Japan,36.5602,136.971
,Kamiichi,Toyama,Japan,36.7,137.3667
,Kurobeshin,Toyama,Japan,36.8667,137.45
,Namerikawa,Toyama,Japan,36.7644,137.3412
,Nanto,Toyama,Japan,36.5878,136.9194
,Nyūzen,Toyama,Japan,36.9335,137.5021
,Oyabe,Toyama,Japan,36.6755,136.8687
,Takaoka,Toyama,Japan,36.7541,137.0257
,Tateyama,Toyama,Japan,36.6636,137.3137
,Tonami,Toyama,Japan,36.6475,136.9622
,Toyama,Toyama,Japan,36.6959,137.2137
,Uozu,Toyama,Japan,36.8273,137.4092
,Arida,Wakayama,Japan,34.0833,135.1333
,Aridagawa,Wakayama,Japan,34.05,135.2167
,Funato,Wakayama,Japan,34.25,135.3167
,Gobō,Wakayama,Japan,33.8833,135.15
,Hashimoto,Wakayama,Japan,34.3167,135.6
,Kamidani,Wakayama,Japan,34.1575,135.2397
,Kamitonda,Wakayama,Japan,33.7,135.4333
,Kasagi,Wakayama,Japan,34.3,135.5
,Kokawa,Wakayama,Japan,34.2664,135.3653
,Kushimoto,Wakayama,Japan,33.4667,135.7833
,Minabe,Wakayama,Japan,33.7725,135.3206
,Nachikatsuura,Wakayama,Japan,33.6333,135.9333
,Shimotsuchō-kominami,Wakayama,Japan,34.15,135.2167
,Shirahama,Wakayama,Japan,33.6817,135.3444
,Tanabe,Wakayama,Japan,33.7333,135.3833
,Wakayama,Wakayama,Japan,34.2333,135.1667
,Yuasa,Wakayama,Japan,34.0333,135.1833
,Akayu,Yamagata,Japan,38.05,140.1833
,Higashine,Yamagata,Japan,38.4313,140.3911
,Kahoku,Yamagata,Japan,38.4264,140.3144
,Kaminoyama,Yamagata,Japan,38.1496,140.2679
,Kawaii,Yamagata,Japan,38.0045,140.0458
,Miyauchi,Yamagata,Japan,38.0667,140.1333
,Murayama,Yamagata,Japan,38.4833,140.3833
,Nagai,Yamagata,Japan,38.1075,140.0405
,Nakayama,Yamagata,Japan,38.3331,140.2831
,Nanyō,Yamagata,Japan,38.0551,140.1476
,Obanazawa,Yamagata,Japan,38.6,140.4
,Sagae,Yamagata,Japan,38.3809,140.276
,Sakata,Yamagata,Japan,38.9145,139.8364
,Shinjō,Yamagata,Japan,38.7667,140.3
,Shirataka,Yamagata,Japan,38.1831,140.0986
,Shōnai,Yamagata,Japan,38.8499,139.9047
,Takahata,Yamagata,Japan,38.0027,140.1891
,Tendō,Yamagata,Japan,38.3623,140.3779
,Tsuruoka,Yamagata,Japan,38.7272,139.8267
,Yamagata,Yamagata,Japan,38.2554,140.3396
,Yamanobe,Yamagata,Japan,38.2833,140.2667
,Yonezawa,Yamagata,Japan,37.9222,140.1168
,Yuza,Yamagata,Japan,39.0147,139.9089
,Hagi,Yamaguchi,Japan,34.4081,131.3992
,Hikari,Yamaguchi,Japan,33.9619,131.9422
,Hirao,Yamaguchi,Japan,33.9381,132.0733
,Hōfu,Yamaguchi,Japan,34.0514,131.5625
,Iwakuni,Yamaguchi,Japan,34.1664,132.2189
,Kudamatsu,Yamaguchi,Japan,34.015,131.8703
,Kumage,Yamaguchi,Japan,34.0495,131.969
,Mine,Yamaguchi,Japan,34.1631,131.2083
,Nagato,Yamaguchi,Japan,34.3706,131.1825
,Sanyō-Onoda,Yamaguchi,Japan,34.0031,131.1819
,Shūnan,Yamaguchi,Japan,34.055,131.8061
,Suō-Ōshima,Yamaguchi,Japan,33.9167,132.2333
,Tabuse,Yamaguchi,Japan,33.9547,132.0414
,Ube,Yamaguchi,Japan,33.9517,131.2467
,Yamaguchi,Yamaguchi,Japan,34.1781,131.4739
,Yanai,Yamaguchi,Japan,33.9639,132.1186
,Chūō,Yamanashi,Japan,35.5996,138.6339
,Fuefuki,Yamanashi,Japan,35.6473,138.6397
,Fujikawa,Yamanashi,Japan,35.5611,138.4614
,Fujikawaguchiko,Yamanashi,Japan,35.4973,138.7549
,Fujiyoshida,Yamanashi,Japan,35.4875,138.8077
,Hokuto,Yamanashi,Japan,35.7765,138.4236
,Ichikawamisato,Yamanashi,Japan,35.5653,138.5025
,Kai,Yamanashi,Japan,35.6608,138.5158
,Kōfu,Yamanashi,Japan,35.6621,138.5682
,Kōshū,Yamanashi,Japan,35.7043,138.7294
,Minami-Alps,Yamanashi,Japan,35.6083,138.465
,Minobu,Yamanashi,Japan,35.4675,138.4425
,Nirasaki,Yamanashi,Japan,35.7089,138.4461
,Ōtsuki,Yamanashi,Japan,35.6106,138.94
,Shōwa,Yamanashi,Japan,35.6333,138.5333
,Tsuru,Yamanashi,Japan,35.5515,138.9054
,Yamanashi,Yamanashi,Japan,35.6934,138.6869
